{"cameraMode":{"drawMode":0,"name":"Shaded","section":"Shading Mode"},"sceneLighting":false,"audioPlay":false,"sceneViewState":{"showFog":true,"showMaterialUpdate":false,"showSkybox":true,"showFlares":true,"showImageEffects":true,"showParticleSystems":true},"in2DMode":false,"pivot":{"x":52.65071105957031,"y":-41.63545227050781,"z":-53.90411376953125},"rotation":{"x":0.13434402644634248,"y":-0.48493093252182009,"z":0.0756777673959732,"w":0.8608522415161133},"size":134.08184814453126,"orthographic":false}