{"cameraMode":{"drawMode":0,"name":"Shaded","section":"Shading Mode"},"sceneLighting":true,"audioPlay":false,"sceneViewState":{"showFog":true,"showMaterialUpdate":false,"showSkybox":true,"showFlares":true,"showImageEffects":true,"showParticleSystems":true},"in2DMode":false,"pivot":{"x":-3.6873512268066408,"y":0.31119537353515627,"z":14.304197311401368},"rotation":{"x":0.13343767821788789,"y":-0.6871557235717773,"z":0.1305966079235077,"w":0.7021082639694214},"size":28.26132583618164,"orthographic":false}