{"cameraMode":{"drawMode":0,"name":"Shaded","section":"Shading Mode"},"sceneLighting":true,"audioPlay":false,"sceneViewState":{"showFog":true,"showMaterialUpdate":false,"showSkybox":true,"showFlares":true,"showImageEffects":true,"showParticleSystems":true},"in2DMode":false,"pivot":{"x":3.5278615951538088,"y":0.6405088901519775,"z":-1.1865785121917725},"rotation":{"x":0.09842581301927567,"y":-0.5532702803611755,"z":0.06604509800672531,"w":0.8245255947113037},"size":9.264152526855469,"orthographic":false}