{"cameraMode":{"drawMode":0,"name":"Shaded","section":"Shading Mode"},"sceneLighting":false,"audioPlay":false,"sceneViewState":{"showFog":true,"showMaterialUpdate":false,"showSkybox":true,"showFlares":true,"showImageEffects":true,"showParticleSystems":true},"in2DMode":false,"pivot":{"x":518.8009033203125,"y":313.4317932128906,"z":-0.925048828125},"rotation":{"x":-0.001812619506381452,"y":-0.006270830053836107,"z":0.000011311475645925384,"w":-0.99997878074646},"size":661.9580688476563,"orthographic":false}